video_id,video_title,published_at,view_count,like_count,comment_count,duration_seconds,published_year,published_month,published_day,published_weekday,is_weekend,like_ratio,comment_ratio,title_length,days_since_published,channel_age_years
TsnGd6p9oTk,installing r and r studio r for data analytics series,2025-06-17 12:00:48,2787,114,9,359.0,2025,6,17,Tuesday,0,0.04090419806243272,0.0032292787944025836,53,6,5
DsI1vG-kXR8,best resources to learn data analytics in 2025,2025-06-10 12:00:19,16190,758,33,407.0,2025,6,10,Tuesday,0,0.04681902408894379,0.002038295243977764,46,13,5
4lhPHhPkVLM,best resources to learn data visualization in 2025,2025-06-03 12:00:19,10229,306,28,268.0,2025,6,3,Tuesday,0,0.029914947697722162,0.002737315475608564,50,20,5
dkU5n0G7FRQ,best resources to learn excel in 2025,2025-05-27 12:01:27,11340,569,15,289.0,2025,5,27,Tuesday,0,0.05017636684303351,0.0013227513227513227,37,27,5
kagUDLvrcZ8,best resources to learn python in 2025,2025-05-20 12:01:32,18442,707,54,309.0,2025,5,20,Tuesday,0,0.03833640602971478,0.0029280989046741135,38,34,5
P5uJYPjUtlc,best resources to learn sql in 2025,2025-05-13 12:00:49,22206,824,35,371.0,2025,5,13,Tuesday,0,0.03710708817436729,0.0015761505899306494,35,41,5
dStNNjOKML4,how to practice for general technical interviews analyst builder,2025-05-06 12:01:11,4387,168,18,621.0,2025,5,6,Tuesday,0,0.038294962388876225,0.004103031684522453,64,48,5
OQM9x6E3ojo,how to lie with data biased data collection,2025-04-29 12:00:46,3128,100,11,262.0,2025,4,29,Tuesday,0,0.0319693094629156,0.003516624040920716,43,55,5
z39SB95JbDo,how to lie with data correlations,2025-04-22 12:01:50,3280,126,15,213.0,2025,4,22,Tuesday,0,0.03841463414634146,0.004573170731707317,33,62,5
W5CQb7klLCs,how to lie with data cherry picking data,2025-04-15 12:00:53,3673,153,8,252.0,2025,4,15,Tuesday,0,0.04165532262455758,0.0021780560849441874,40,69,5
xb5-UX-jYw0,how to lie with data averages,2025-04-08 12:01:32,4176,216,14,407.0,2025,4,8,Tuesday,0,0.05172413793103448,0.003352490421455939,29,76,5
V3ouFOBQP0k,how to lie with data percentages and baseline numbers,2025-04-01 12:00:46,4379,216,9,318.0,2025,4,1,Tuesday,0,0.049326330212377256,0.0020552637588490525,53,83,5
oi9W142ELN0,1 million youtube play button unboxing!,2025-03-25 12:01:10,3085,236,79,460.0,2025,3,25,Tuesday,0,0.07649918962722853,0.02560777957860616,39,90,5
5n52mlp9Ym0,maven analytics analyst builder lifetime access ends march 31st,2025-03-24 12:00:07,8650,255,41,315.0,2025,3,24,Monday,0,0.029479768786127167,0.004739884393063584,63,91,5
hgp91KvbJV4,how to lie with data misleading graphs,2025-03-18 12:01:07,5288,281,22,326.0,2025,3,18,Tuesday,0,0.05313918305597579,0.00416036308623298,38,97,5
1ql4kNv0_qY,where to find the best healthcare data,2025-03-11 12:00:02,7490,398,24,471.0,2025,3,11,Tuesday,0,0.05313751668891856,0.0032042723631508676,38,104,5
r5512UY3MTc,1 million subscriber livestream!! giveaways chat,2025-03-05 17:07:10,10277,675,68,6014.0,2025,3,5,Wednesday,0,0.06568064610294833,0.006616716940741461,48,109,5
XuOcmjIbFGg,"taking a look at real healthcare data icd11, cpt, hcpcs, claims",2025-03-04 13:00:44,8669,406,28,916.0,2025,3,4,Tuesday,0,0.04683354481485754,0.003229899642403968,63,111,5
Ka2mDrKEAhg,how to become a healthcare analyst in 2025,2025-02-25 13:00:21,27046,1343,108,1072.0,2025,2,25,Tuesday,0,0.0496561413887451,0.003993196775863344,42,118,5
k8nBWL6K884,what is healthcare analytics?,2025-02-18 13:01:11,26802,1313,79,656.0,2025,2,18,Tuesday,0,0.048988881426759195,0.0029475412282665473,29,125,5
WpX2F2BS3Qc,what is data cleaning? data fundamentals for beginners,2025-02-11 13:00:47,22087,770,26,424.0,2025,2,11,Tuesday,0,0.03486213609815729,0.0011771630370806356,54,132,5
cd_jj0IRmaA,what is data collection? data fundamentals for beginners,2025-02-04 13:00:52,12895,511,14,283.0,2025,2,4,Tuesday,0,0.03962776269872043,0.0010856921287320668,56,139,5
OcG0B4ny1cE,what are file types? data fundamentals for beginners,2025-01-28 13:00:34,9130,342,9,387.0,2025,1,28,Tuesday,0,0.03745892661555312,0.0009857612267250822,52,146,5
hXpt8zj_ajc,what are data types? data fundamentals for beginners,2025-01-21 13:00:55,10024,407,19,294.0,2025,1,21,Tuesday,0,0.040602553870710295,0.0018954509177972864,52,153,5
ItZlTixh6Bs,what are kpis and metrics? data fundamental for beginners,2025-01-14 13:00:34,17435,876,31,346.0,2025,1,14,Tuesday,0,0.050243762546601664,0.0017780326928591914,57,160,5
PEWMgtu-1e4,what is data? data fundamentals for beginners,2025-01-07 13:00:35,17804,819,34,416.0,2025,1,7,Tuesday,0,0.04600089867445518,0.0019096832172545495,45,167,5
hCmEfxy-BXg,is big tech overrated in 2025? alex the analyst show episode 28,2024-12-31 13:01:01,8767,303,69,2092.0,2024,12,31,Tuesday,0,0.03456142352001825,0.007870423177825938,63,174,5
TtCBz1lutsY,most commonly asked questions by aspiring data analysts,2024-12-24 13:00:39,14947,722,36,718.0,2024,12,24,Tuesday,0,0.04830400749314244,0.0024085100689101493,55,181,5
Ihmq-qeA5Pc,my career progression 7 years recreational therapist to data analyst alex the analyst show 27,2024-12-17 13:30:12,8483,375,124,2237.0,2024,12,17,Tuesday,0,0.04420605917717788,0.014617470234586821,93,188,5
wQQR60KtnFY,"ultimate data analyst bootcamp 24 hours! for free sql, excel, tableau, power bi, python, azure",2024-12-10 05:00:49,570158,24174,856,84768.0,2024,12,10,Tuesday,0,0.0423987736732625,0.0015013382255444983,94,195,5
oHte3qFa-oY,"learn aws for analytics in under 2 hours s3, athena, glue, glue databrew, quicksight",2024-12-03 13:00:56,21616,646,37,6097.0,2024,12,3,Tuesday,0,0.029885270170244265,0.0017116950407105847,84,202,5
P7p2OZj9ewU,"learn azure for analytics in under 90 minutes azure synapse analytics, sql databases, adf more",2024-11-26 13:00:27,15361,382,24,4637.0,2024,11,26,Tuesday,0,0.02486817264501009,0.0015623982813618906,94,209,5
I0vQ_VLZTWg,"learn power bi in under 3 hours formatting, visualizations, dashboards full project",2024-11-19 13:00:31,309615,5226,176,7518.0,2024,11,19,Tuesday,0,0.01687902717891575,0.0005684479111154175,83,216,5
tnz72ywhCoo,coding with r and ai now on analyst builder!,2024-11-12 13:01:10,5996,186,16,501.0,2024,11,12,Tuesday,0,0.031020680453635756,0.00266844563042028,44,223,5
j8FSP8XuFyk,"learn tableau in under 2 hours dashboards, relationships, visualizations mini project",2024-11-05 13:01:16,120798,2242,71,5410.0,2024,11,5,Tuesday,0,0.018559909932283646,0.0005877580754648255,85,230,5
zXnQNytHCPM,"learn excel in under 3 hours pivot tables, lookups, data cleaning",2024-10-29 12:01:19,67517,1721,74,9516.0,2024,10,29,Tuesday,0,0.025489876623665152,0.0010960202615637542,65,237,5
osA1QpBcxRs,nobody cares... so just do it!,2024-10-24 12:17:57,18810,1836,61,36.0,2024,10,24,Thursday,0,0.09760765550239234,0.003242955874534822,30,242,5
Mdq1WWSdUtw,"learn pandas in under 3 hours filtering, joins, indexing, data cleaning, visualizations",2024-10-22 12:00:28,66946,1636,50,9607.0,2024,10,22,Tuesday,0,0.02443760642906223,0.0007468706121351537,87,244,5
CZt2BUpgjgw,free data analyst bootcamp 2024,2024-10-17 11:52:50,12693,1042,40,31.0,2024,10,17,Thursday,0,0.08209249192468289,0.0031513432600646027,31,249,5
t1fQBD4B7xk,"learn python in under 3 hours variables, for loops, web scraping full project",2024-10-15 12:01:10,46716,1297,43,9121.0,2024,10,15,Tuesday,0,0.027763507149584726,0.0009204555184519223,77,251,5
OT1RErkfLNQ,learn sql beginner to advanced in under 4 hours,2024-10-08 12:00:27,692941,15284,590,14698.0,2024,10,8,Tuesday,0,0.022056711898992845,0.0008514433407750444,47,258,5
rxyLC247h6E,aws quicksight aws essentials,2024-10-01 12:00:58,21428,311,9,730.0,2024,10,1,Tuesday,0,0.014513720365876424,0.00042001120029867465,29,265,5
AycpRKyRagE,aws glue databrew and glue aws essentials,2024-09-24 12:00:16,9372,161,12,2732.0,2024,9,24,Tuesday,0,0.01717883055911225,0.0012804097311139564,41,272,5
K2GfrERtliU,amazon athena in aws aws fundamentals,2024-09-17 12:00:24,14516,265,10,1473.0,2024,9,17,Tuesday,0,0.01825571782860292,0.0006888950124001103,37,279,5
xmVyaT-RuVo,alex freberg and ben rogojan livestream everything data analytics and data engineering,2024-09-11 03:20:13,5971,198,8,4516.0,2024,9,11,Wednesday,0,0.03316027466086083,0.001339809077206498,86,285,5
amb9bciHGSI,landing a data job course on analyst builder,2024-09-03 12:00:05,23907,822,96,500.0,2024,9,3,Tuesday,0,0.034383235035763585,0.004015560296147572,44,293,5
hgaVi4sOHkM,s3 storage in aws aws essentials,2024-08-27 12:00:47,10581,198,12,878.0,2024,8,27,Tuesday,0,0.018712787071165297,0.0011341083073433513,32,300,5
YSjbGET6R1A,aws setup and ui walkthough aws,2024-08-20 12:00:41,12325,289,15,441.0,2024,8,20,Tuesday,0,0.023448275862068966,0.0012170385395537525,31,307,5
vDVcXXfc9e8,getting started in azure synapse analytics azure fundamentals,2024-08-13 12:01:05,27093,385,14,1177.0,2024,8,13,Tuesday,0,0.014210312626877792,0.0005167386409773742,61,314,5
Vg6ys_JvXzg,august qa livestream! come ask me anything!,2024-08-09 15:17:26,5326,223,18,5904.0,2024,8,9,Friday,0,0.041870071348103645,0.003379647014645137,43,318,5
sge9qTf8GdY,getting started in azure data factory azure fundamentals,2024-08-06 12:00:57,34656,542,26,1471.0,2024,8,6,Tuesday,0,0.015639427516158818,0.0007502308402585411,56,321,5
9ur0OpMADuM,how to use azure sql databases azure fundamentals,2024-07-30 12:00:10,39863,701,27,826.0,2024,7,30,Tuesday,0,0.017585229410731755,0.000677319820384818,49,328,5
UTMuL_86gSQ,complete data analyst roadmap on analyst builder become a data analyst faster!,2024-07-25 12:00:34,56352,1604,165,367.0,2024,7,25,Thursday,0,0.028463940942646225,0.002928023850085179,78,333,5
sEImMaovc1Q,blob storage and storage accounts in azure azure fundamentals,2024-07-23 12:01:00,13362,251,11,941.0,2024,7,23,Tuesday,0,0.01878461308187397,0.000823230055380931,61,335,5
ZYps6TmBkWk,azure account setup 200 free credits azure fundamentals,2024-07-16 12:00:38,23261,490,30,397.0,2024,7,16,Tuesday,0,0.021065302437556426,0.0012897123941361076,55,342,5
zv1nfZTYpio,building a fully interactive web app using shiny for python,2024-07-09 12:01:07,14929,373,23,3592.0,2024,7,9,Tuesday,0,0.02498492866233505,0.0015406256279724027,59,349,5
rn0dSsYXhIE,shiny for python components and layouts customizing you web app,2024-07-02 12:01:00,6064,170,13,1448.0,2024,7,2,Tuesday,0,0.028034300791556728,0.0021437994722955144,63,356,5
siHou7lObbo,shiny for python setup and install deploying first shiny app,2024-06-25 12:00:53,13810,334,38,864.0,2024,6,25,Tuesday,0,0.024185372918175234,0.0027516292541636496,60,363,5
wJiJXD7MVoY,is the economy on the brink of a recession? lets look at the data!,2024-06-18 12:00:06,13746,812,133,1279.0,2024,6,18,Tuesday,0,0.05907172995780591,0.009675541975847518,66,370,5
BzwAZ1k3WEY,top 5 most common excel functions in excel,2024-06-11 12:00:10,8979,380,9,1007.0,2024,6,11,Tuesday,0,0.04232097115491703,0.0010023387905111927,42,377,5
5q2u8__sVhs,5 awesome excel functions youve probably never heard of,2024-06-04 12:00:09,6424,237,17,844.0,2024,6,4,Tuesday,0,0.03689290161892902,0.002646326276463263,55,384,5
UJbNEH0_nGY,how to create custom functions in excel lambda functions,2024-05-28 12:00:23,7450,239,11,994.0,2024,5,28,Tuesday,0,0.03208053691275168,0.001476510067114094,56,391,5
oz2K4HUNMW4,top 5 most popular functions in microsoft excel,2024-05-21 12:00:53,16292,453,28,992.0,2024,5,21,Tuesday,0,0.027805057697029217,0.001718634912840658,47,398,5
Y-4ri9QjsTI,infrastructure of analyst builder entire tech stack part 3,2024-05-14 12:00:28,5773,90,10,2740.0,2024,5,14,Tuesday,0,0.015589814654425774,0.0017322016282695306,58,405,5
F5v2dRYU5IA,2 hour data analyst interview masterclass interview better than the competition,2024-05-07 15:16:53,107520,3358,83,7480.0,2024,5,7,Tuesday,0,0.03123139880952381,0.0007719494047619047,79,412,5
_R6K1aNtKpE,challenges of creating analyst builder challenges of a startup part 2,2024-05-07 12:00:30,2545,65,11,2707.0,2024,5,7,Tuesday,0,0.025540275049115914,0.004322200392927309,69,412,5
5tKmTdvEAVk,how we started analyst builder how we created it part 1,2024-04-30 12:00:07,6744,215,35,1367.0,2024,4,30,Tuesday,0,0.031880189798339266,0.005189798339264531,55,419,5
QYd-RtK58VQ,mysql exploratory data analysis full project,2024-04-23 12:00:21,127268,2986,140,1964.0,2024,4,23,Tuesday,0,0.023462300028286764,0.0011000408586604646,44,426,5
c5ko0sedE7k,750k subscriber livestream! giveaways songs qa,2024-04-18 18:35:41,5189,229,13,4996.0,2024,4,18,Thursday,0,0.044131817305839274,0.002505299672383889,46,430,5
4UltKCnnnTA,data cleaning in mysql full project,2024-04-16 12:00:05,305880,6603,954,3071.0,2024,4,16,Tuesday,0,0.02158689682228325,0.003118870145154963,35,433,5
BV5ckMNNvi4,how to get promoted as a data analyst alex the analyst show episode 26,2024-04-09 12:00:08,9025,283,86,3374.0,2024,4,9,Tuesday,0,0.03135734072022161,0.009529085872576178,70,440,5
QMUZ5HfWMRc,triggers and events in mysql advanced mysql series,2024-04-02 12:00:19,112900,3614,141,882.0,2024,4,2,Tuesday,0,0.03201062887511072,0.0012488928255093002,50,447,5
7b8ViCqD9JM,how to give up on the job search fast,2024-03-27 12:19:35,28525,2125,33,52.0,2024,3,27,Wednesday,0,0.07449605609114812,0.0011568799298860648,37,453,5
7vnxpcqmqNQ,stored procedures in mysql advanced mysql series,2024-03-26 12:00:12,118137,2257,77,757.0,2024,3,26,Tuesday,0,0.019104937487831923,0.0006517856387076022,48,454,5
uEk07jXdKOo,temp tables in mysql advanced mysql series,2024-03-19 12:00:56,79794,1670,65,466.0,2024,3,19,Tuesday,0,0.02092889189663383,0.0008145975887911372,42,461,5
UC7uvOqcUTs,ctes in mysql advanced mysql series,2024-03-12 12:00:23,135925,2240,70,631.0,2024,3,12,Tuesday,0,0.016479676292072833,0.000514989884127276,35,468,5
1KEbiqRWOkA,7 mistakes to avoid during your data analyst job search,2024-03-05 13:00:01,19994,753,50,714.0,2024,3,5,Tuesday,0,0.03766129838951685,0.00250075022506752,55,475,5
UOBTLzWY1vs,dataanalyst analystbuilder sql,2024-03-01 13:43:29,22028,1517,20,38.0,2024,3,1,Friday,0,0.0688668966769566,0.0009079353550027238,30,479,5
8zOkBTs0yxs,qa livestream february livestream ask me anything!,2024-02-29 17:10:18,5628,188,7,5697.0,2024,2,29,Thursday,0,0.033404406538734895,0.0012437810945273632,50,479,5
7NBt0V8ebGk,window functions in mysql intermediate mysql,2024-02-27 13:00:08,157073,4226,119,809.0,2024,2,27,Tuesday,0,0.02690468762931885,0.0007576095191407817,44,482,5
FGC0cCAgGu0,twitter making me tear up over here,2024-02-23 13:34:27,7553,306,12,16.0,2024,2,23,Friday,0,0.040513703164305574,0.0015887726731100226,35,486,5
Vj6RqA_X-IE,subqueries in mysql intermediate mysql,2024-02-20 13:00:32,131567,2136,85,661.0,2024,2,20,Tuesday,0,0.016235074144732343,0.0006460586621265211,38,489,5
RYIiOG4LsvQ,case statements in mysql intermediate mysql,2024-02-13 13:00:19,118218,2084,104,533.0,2024,2,13,Tuesday,0,0.017628449136341335,0.0008797306670726962,43,496,5
5y7tLNPVJPA,we did our best,2024-02-08 13:59:09,7157,240,5,9.0,2024,2,8,Thursday,0,0.03353360346513903,0.000698616738857063,15,501,5
_nf56aMPdZE,"microsoft copilot full review ai in word, powerpoint, excel and more!",2024-02-06 13:00:35,86175,1031,51,1485.0,2024,2,6,Tuesday,0,0.011964026689875253,0.0005918189730200175,69,503,5
XbDRYzYUmMo,top 5 emerging trends in 2024 careerfoundry webinar,2024-01-30 17:30:05,13450,474,10,4496.0,2024,1,30,Tuesday,0,0.035241635687732344,0.0007434944237918215,51,509,5
KRXSJb9ql1Y,string functions in mysql intermediate mysql series,2024-01-30 13:00:17,131852,2279,75,714.0,2024,1,30,Tuesday,0,0.017284531140976247,0.0005688195855959713,51,510,5
iTQW_nDp938,unions in mysql intermediate mysql,2024-01-23 13:00:41,127022,2283,81,442.0,2024,1,23,Tuesday,0,0.017973264473870668,0.0006376848105052668,34,517,5
lXQzD09BOH0,joins in mysql intermediate mysql,2024-01-16 13:00:42,268325,3831,168,1031.0,2024,1,16,Tuesday,0,0.01427746203298239,0.0006261064008199012,33,524,5
xtC3212t4hI,is my background in data analytics?,2024-01-15 14:22:09,30689,2072,32,57.0,2024,1,15,Monday,0,0.06751604809540877,0.0010427188895043827,35,525,5
KZKizyBS9YM,solving very hard sql interview questions on analyst builder,2024-01-11 13:00:16,22672,564,23,1023.0,2024,1,11,Thursday,0,0.02487649964714185,0.0010144671841919549,60,529,5
I0_ca6iyo6w,solving hard sql interview questions on analyst builder,2024-01-09 13:00:24,30126,619,36,1286.0,2024,1,9,Tuesday,0,0.020547035783044548,0.0011949810794662419,55,531,5
GZS7AgQ4Ksg,hard skills vs soft skills,2024-01-08 13:06:02,15032,1027,7,30.0,2024,1,8,Monday,0,0.06832091538052155,0.0004656732304417243,26,532,5
fT-8mRf_-Hk,solving medium sql interview questions on analyst builder,2024-01-04 13:00:28,33141,730,48,744.0,2024,1,4,Thursday,0,0.022027096345915934,0.0014483570200054313,57,536,5
ZHaYOC0H5KE,solving easy sql interview questions on analyst builder,2024-01-02 13:00:25,60382,1341,58,738.0,2024,1,2,Tuesday,0,0.022208605213474213,0.0009605511576297573,55,538,5
K0-8G3DgjA4,how i would become a data analyst if i had to start over in 2024 6 month plan,2023-12-26 13:00:10,413864,16306,503,661.0,2023,12,26,Tuesday,0,0.03939941623335202,0.00121537509906636,77,545,5
ZnAydTqCtFU,limit aliasing in mysql mysql beginner series,2023-12-19 13:00:24,136324,2612,87,237.0,2023,12,19,Tuesday,0,0.019160235908570758,0.0006381854992517825,45,552,5
qPOmj22QX04,practice sql and python right on your phone!,2023-12-13 16:12:42,9913,639,20,28.0,2023,12,13,Wednesday,0,0.06446080903863613,0.002017552708564511,44,557,5
XD1ul5fpnGI,analyst builder full launch! the learning platform built for data analysts,2023-12-12 13:00:21,25041,1025,110,987.0,2023,12,12,Tuesday,0,0.0409328700930474,0.004392795814863623,74,559,5
kifhSqep9UM,analyst builder full launch livestream 20 off code giveaways,2023-12-11 19:04:05,12043,475,14,16464.0,2023,12,11,Monday,0,0.03944199950178527,0.0011625010379473554,60,559,5
dCNjUOc1cBY,having vs where in mysql beginner mysql series,2023-12-05 13:00:35,160749,2854,51,226.0,2023,12,5,Tuesday,0,0.017754387274570915,0.00031726480413564,46,566,5
lEjmgE-hogg,excel is frustrating,2023-11-29 18:00:02,12338,791,11,47.0,2023,11,29,Wednesday,0,0.06411087696547252,0.0008915545469281893,20,571,5
qxj3dx0c7RM,7 mistakes to avoid in your data analytics job search careerfoundry webinar,2023-11-28 17:36:39,14274,432,11,4297.0,2023,11,28,Tuesday,0,0.03026481715006305,0.0007706319181729018,75,572,5
zgYqUP_PhQo,group by order by in mysql beginner mysql series,2023-11-28 13:00:57,215406,3715,85,646.0,2023,11,28,Tuesday,0,0.01724650195444881,0.0003946036786347641,48,573,5
MARn_mssG4A,where clause in mysql beginner mysql series,2023-11-21 13:00:24,233817,3711,123,747.0,2023,11,21,Tuesday,0,0.01587138659721064,0.0005260524256149039,43,580,5
TGAUZQJaQbQ,why data analysts hate using excel,2023-11-14 13:00:21,26104,971,140,444.0,2023,11,14,Tuesday,0,0.03719736438859945,0.005363162733680662,34,587,5
HYD8KjPB9F8,select statement in mysql beginner mysql series,2023-11-07 13:00:11,365996,4571,167,660.0,2023,11,7,Tuesday,0,0.012489207532322757,0.0004562891397720194,47,594,5
wgRwITQHszU,installing mysql and creating databases mysql for beginners,2023-10-31 12:00:54,1063296,13600,1420,724.0,2023,10,31,Tuesday,0,0.012790417719995185,0.0013354700854700855,59,601,5
1LG65qXfeQY,python beginner to advanced in one hour careerfoundry webinar,2023-10-26 16:30:05,26629,991,12,4709.0,2023,10,26,Thursday,0,0.03721506628112208,0.0004506365240902775,61,605,5
QzLz-W29Tww,how to start a data youtube channel,2023-10-24 12:00:30,9786,432,47,657.0,2023,10,24,Tuesday,0,0.04414469650521153,0.004802779480891069,35,608,5
ukIUVW2E-n0,600k livestream! analyst builder giveaways songs my mom is joining!,2023-10-20 16:18:10,5159,237,11,5107.0,2023,10,20,Friday,0,0.045939135491374294,0.0021321961620469083,67,611,5
aofB2t5o2ao,consulting and freelancing in data analytics ata show episode 25,2023-10-17 12:00:04,19576,729,264,4443.0,2023,10,17,Tuesday,0,0.03723947691050265,0.013485901103391908,64,615,5
-DwpkgtJjGw,data analyst vs business analyst,2023-10-13 13:37:21,132717,7069,49,59.0,2023,10,13,Friday,0,0.053263711506438514,0.00036920665777556754,32,619,5
h4KTy2wxYcQ,first look at analyst builder! the all-in-one platform for data analysts beta launch coming soon,2023-10-10 12:00:36,32286,854,212,1311.0,2023,10,10,Tuesday,0,0.026451093353156166,0.006566313572446261,96,622,5
LaRXtE4OG9A,dataanalysis dataanalyst datarealities,2023-10-09 12:11:16,30029,1792,27,40.0,2023,10,9,Monday,0,0.0596756468746878,0.0008991308401878185,38,623,5
J0PcCv9f4JQ,dataanalyst datacareers dataanalysis,2023-10-05 12:13:45,17358,1301,32,58.0,2023,10,5,Thursday,0,0.07495103122479549,0.0018435303606406269,36,627,5
_DGn-7134i0,"data analyst vs data engineer responsibilities, salaries, skills, education",2023-10-03 12:00:26,37520,813,44,386.0,2023,10,3,Tuesday,0,0.021668443496801706,0.0011727078891257995,75,629,5
EflE8U30pBo,data analyst qa livestream september livestream ask me anything!,2023-09-28 16:09:03,8997,284,21,5621.0,2023,9,28,Thursday,0,0.031566077581416024,0.002334111370456819,64,633,5
j_sHaBJEHMk,salary dataanalyst salarynegotiation,2023-09-28 12:37:36,14205,968,7,55.0,2023,9,28,Thursday,0,0.0681450193593805,0.0004927842309046111,36,634,5
xuyKzpJ2SaY,ai and analytics with sas sas explore recap,2023-09-26 12:00:49,23527,502,31,179.0,2023,9,26,Tuesday,0,0.021337187061673823,0.0013176350575934033,43,636,5
D0mEy6bJ2lA,my very first video,2023-09-25 13:13:18,9415,500,29,23.0,2023,9,25,Monday,0,0.053106744556558685,0.003080191184280404,19,637,5
GaoAc3-hScQ,dataanalyst careerpath,2023-09-22 11:45:01,66234,4197,30,52.0,2023,9,22,Friday,0,0.06336624694265786,0.00045293957786031344,22,640,5
bxIF9X9k2IE,"data analyst vs data scientist responsibilities, salaries, skills, education",2023-09-19 12:00:34,47807,1173,54,673.0,2023,9,19,Tuesday,0,0.024536155793084696,0.0011295416989143849,76,643,5
z_xWpa88R0A,excel dataanalyst dataanalysis,2023-09-18 11:38:11,16754,1251,21,56.0,2023,9,18,Monday,0,0.07466873582428077,0.001253432016234929,30,644,5
7PoZBuIUnEU,"data analyst vs business analyst responsibilities, salaries, skills, education",2023-09-12 12:00:07,47323,1645,101,294.0,2023,9,12,Tuesday,0,0.034761109819749385,0.00213426874881136,78,650,5
fq1-e-GbihE,dataanalysis dataanalyst,2023-09-07 11:57:32,20768,1484,23,53.0,2023,9,7,Thursday,0,0.07145608628659476,0.0011074730354391372,24,655,5
Xkb6h3YXl_c,hard skills vs soft skills in the data world which is more important?,2023-09-05 12:00:34,15743,702,30,582.0,2023,9,5,Tuesday,0,0.04459124690338563,0.001905608842025027,69,657,5
qDprq7Xbrqw,"entry level vs mid level vs senior level data analyst responsibilities, salary, education, skills",2023-08-29 04:00:33,45163,1948,112,323.0,2023,8,29,Tuesday,0,0.04313265283528552,0.0024799061178398247,97,664,5
UOHxb9ndpMM,dataanalyst dataanalysis promotion,2023-08-28 11:53:52,10907,633,10,51.0,2023,8,28,Monday,0,0.058036123590354816,0.0009168423947923352,34,665,5
_h_A_n8Z9QQ,dataanalyst dataanalysis,2023-08-24 11:53:05,20828,1396,54,60.0,2023,8,24,Thursday,0,0.06702515844056078,0.0025926637219128097,24,669,5
_oCUSMX4_3k,regular expression use cases in python,2023-08-22 12:00:35,11251,266,21,767.0,2023,8,22,Tuesday,0,0.02364234290285308,0.0018665007554884011,38,671,5
OnS01G8W6nw,data analyst qa livestream august livestream ask me anything!,2023-08-18 14:23:24,8507,321,25,4365.0,2023,8,18,Friday,0,0.037733631127306926,0.0029387563183260845,61,675,5
ugkyfUTc6AU,dataanalystsalary dataanalysis,2023-08-17 12:35:34,49549,3518,48,54.0,2023,8,17,Thursday,0,0.0710004238228824,0.0009687380169125512,30,676,5
eON-PNPae8Y,how to work with recruiters on linkedin,2023-08-15 12:00:34,48959,2334,89,467.0,2023,8,15,Tuesday,0,0.04767254233133847,0.0018178475867562654,39,678,5
41nX2ZgGzcE,dataanalysis dataportfolio,2023-08-14 12:12:00,36366,2993,25,60.0,2023,8,14,Monday,0,0.08230215036022659,0.0006874553154044988,26,679,5
Le35Qsgs2lM,wife careerchange dataanalysis,2023-08-11 13:13:22,20894,1941,52,59.0,2023,8,11,Friday,0,0.0928974825308701,0.0024887527519862162,30,682,5
nufF-juSZxU,link httpswww.youtube.complaylist?listpluab-1hjhk8fexz87vppsfhqb6ocm0cf,2023-08-09 13:11:45,8188,747,44,37.0,2023,8,9,Wednesday,0,0.09123106985832927,0.00537371763556424,71,684,5
9NB5u17qiDY,regular expression character classes in python,2023-08-08 12:00:05,13981,238,13,638.0,2023,8,8,Tuesday,0,0.017023102782347473,0.0009298333452542737,46,685,5
YDvJqgBv0Uc,recruiters dataanalysis data,2023-08-03 11:56:30,17004,1156,24,58.0,2023,8,3,Thursday,0,0.06798400376382027,0.0014114326040931546,28,690,5
j6A28L6Tmxw,regular expression metacharacters in python,2023-08-01 12:00:26,12585,309,9,1203.0,2023,8,1,Tuesday,0,0.024553039332538735,0.0007151370679380214,43,692,5
W_s4c1vLGXM,how much do data analysts make? dataanalyst dataanalystsalary,2023-07-31 13:07:06,21951,838,45,46.0,2023,7,31,Monday,0,0.03817593731492871,0.002050020500205002,61,693,5
DWte9zjGl0I,do you need to learn sql if you can do everything in python? python dataanalysis sql,2023-07-28 12:48:19,60731,3329,47,51.0,2023,7,28,Friday,0,0.05481549785117979,0.0007739045956760139,84,696,5
EzeeypMKx7o,regular expression methods in python,2023-07-25 12:00:19,21692,445,14,517.0,2023,7,25,Tuesday,0,0.02051447538262954,0.0006453992255209294,36,699,5
OISvlkfbntY,what are hiring managers looking for? nail the interview process!,2023-07-18 12:00:17,42697,1528,73,822.0,2023,7,18,Tuesday,0,0.03578705763870998,0.0017097219945195212,65,706,5
8dTpNajxaH0,scraping data from a real website web scraping in python,2023-07-11 12:00:07,660812,11723,465,1523.0,2023,7,11,Tuesday,0,0.01774029527308826,0.0007036797152594081,56,713,5
oreAsJTNcsA,sql beginner to advanced in one hour careerfoundry webinar,2023-07-06 17:20:05,236475,6621,120,4108.0,2023,7,6,Thursday,0,0.02799873136695211,0.000507453219156359,58,717,5
xjA1HjvmoMY,find and findall web scraping in python,2023-07-04 12:00:49,90005,2284,42,730.0,2023,7,4,Tuesday,0,0.02537636797955669,0.00046664074218098994,39,720,5
LO7hzmoHEIE,500k livestream!!,2023-06-28 17:11:25,6281,383,24,6232.0,2023,6,28,Wednesday,0,0.060977551345327174,0.003821047603884732,17,725,5
bargNl2WeN4,beautifulsoup requests web scraping in python,2023-06-27 12:00:28,216198,3781,77,418.0,2023,6,27,Tuesday,0,0.017488598414416415,0.0003561550060592605,45,727,5
q-kbzWjyPak,inspecting web pages with html web scraping in python,2023-06-20 12:00:43,86339,2099,40,355.0,2023,6,20,Tuesday,0,0.024311145600481823,0.0004632900543207589,53,734,5
PExdWWcxmro,best places to find datasets for your projects,2023-06-13 12:00:16,221442,5477,98,464.0,2023,6,13,Tuesday,0,0.024733338752359533,0.00044255380641432067,46,741,5
Liv6eeb1VfE,exploratory data analysis in pandas python pandas tutorials,2023-06-06 12:00:14,192368,4289,243,1933.0,2023,6,6,Tuesday,0,0.02229580803460035,0.001263203859269733,59,748,5
fHK4nHbUtj0,data analyst qa livestream may livestream ask me anything!,2023-05-30 16:34:20,10267,363,20,5548.0,2023,5,30,Tuesday,0,0.035355994935229375,0.0019479887016655303,58,754,5
5l2d_Rv0odE,what is microsoft fabric? new data analytics platform!,2023-05-29 12:00:07,320373,5961,165,443.0,2023,5,29,Monday,0,0.01860643687202105,0.0005150246743639446,54,756,5
bDhvCp3_lYw,data cleaning in pandas python pandas tutorials,2023-05-23 12:30:17,431637,10158,482,2317.0,2023,5,23,Tuesday,0,0.02353366370352866,0.0011166790613408952,47,762,5
IMU1V-JugKo,the ultimate data analytics career plan for 2023 careerfoundry webinar,2023-05-16 16:18:56,59010,1880,52,4248.0,2023,5,16,Tuesday,0,0.031859006947974916,0.0008812065751567531,70,768,5
FpgkpjSyBOw,state of ai in analytics will ai be the end of data analysts?,2023-05-15 12:30:11,46575,1380,377,4352.0,2023,5,15,Monday,0,0.02962962962962963,0.00809447128287708,61,770,5
6jtS3Hz19kc,google bard got an upgrade! googles new ai announcements!,2023-05-12 12:15:00,33383,799,80,521.0,2023,5,12,Friday,0,0.02393433783662343,0.002396429320312734,57,773,5
JpSMse3eVVg,creating visualizations using pandas library python pandas tutorials,2023-05-09 11:30:06,95314,2086,47,1010.0,2023,5,9,Tuesday,0,0.02188555721090291,0.0004931069937260003,68,776,5
TPivN7tpdwc,merging dataframes in pandas python pandas tutorials,2023-05-02 12:06:33,151083,3240,83,1329.0,2023,5,2,Tuesday,0,0.021445165902186217,0.0005493669042844,52,783,5
kky9MMydnOA,data analyst qa livestream april livestream ask me anything!,2023-04-27 16:32:02,10324,338,27,5944.0,2023,4,27,Thursday,0,0.032739248353351416,0.0026152654010073613,60,787,5
2izXQUoXyjA,how to integrate chatgpt in jupyter notebooks for free!,2023-04-25 11:30:01,65618,1250,59,481.0,2023,4,25,Tuesday,0,0.01904965101039349,0.0008991435276905727,55,790,5
zilfrWwbteQ,7 ways to use chatgpt for analytics webinar,2023-04-18 16:18:50,39368,1078,31,4135.0,2023,4,18,Tuesday,0,0.027382645803698435,0.0007874415769152612,43,796,5
PJINexERxOs,google business intelligence professional certification review,2023-04-18 11:30:08,46648,1262,74,424.0,2023,4,18,Tuesday,0,0.027053678614302863,0.0015863488252443835,62,797,5
gTf2GLEhKgA,google advanced data analytics professional certificate first look is it worth it?,2023-04-10 11:30:21,159999,4522,411,695.0,2023,4,10,Monday,0,0.02826267664172901,0.0025687660547878423,82,805,5
VRmXto2YA2I,group by and aggregate functions in pandas python pandas tutorials,2023-04-04 11:30:10,121489,2925,135,665.0,2023,4,4,Tuesday,0,0.02407625381721802,0.0011112117146408317,66,811,5
6yNsc7JVPJE,top 5 biggest mistakes beginner data analysts make,2023-03-28 11:30:04,39757,1798,82,534.0,2023,3,28,Tuesday,0,0.04522474029730614,0.002062529868953895,50,818,5
mBCG9J1TVTc,indexes in pandas python pandas tutorials,2023-03-21 11:30:30,76675,1718,52,682.0,2023,3,21,Tuesday,0,0.022406260189109878,0.000678187153570264,41,825,5
WizLaDdsHUs,create the perfect data analyst resume free templates!,2023-03-14 11:30:10,234717,6361,252,1057.0,2023,3,14,Tuesday,0,0.027100721294154237,0.0010736333542095374,54,832,5
kB7FV-ijdqE,filtering columns and rows in pandas python pandas tutorials,2023-03-07 12:30:30,123965,2558,69,709.0,2023,3,7,Tuesday,0,0.0206348566127536,0.0005566087202032832,60,839,5
dFA0E-6xT_M,data analyst qa livestream march livestream ask me anything!,2023-03-02 16:27:46,11212,392,33,5296.0,2023,3,2,Thursday,0,0.034962540135569035,0.0029432750624331073,60,843,5
dUpyC40cF6Q,reading in files in pandas python pandas tutorials,2023-02-28 12:30:18,251944,4083,118,1157.0,2023,2,28,Tuesday,0,0.0162059822817769,0.0004683580478201505,50,846,5
gs0FNQR0njI,building an automated file sorter in file explorer using python python projects for beginners,2023-02-21 12:32:29,82168,1793,96,1011.0,2023,2,21,Tuesday,0,0.02182114691850842,0.0011683380391393243,93,853,5
C75TROiiEa0,chatgpt for data analysts best use cases analyzing a dataset,2023-02-14 12:30:08,448946,8310,221,1867.0,2023,2,14,Tuesday,0,0.018510021249771687,0.000492264103032436,60,860,5
rGx1QNdYzvs,free data analyst bootcamp!!,2023-02-07 12:30:11,2048556,48526,1851,412.0,2023,2,7,Tuesday,0,0.023687905041404774,0.0009035632904348233,28,867,5
CUBfrdDwznQ,how to become a data analyst in 2023 completely free!,2023-01-31 12:30:06,1365577,44553,1354,839.0,2023,1,31,Tuesday,0,0.0326257691803538,0.0009915222649473446,53,874,5
L-QnW_BZT3c,live portfolio review with alex the analyst! live webinar,2023-01-25 17:14:49,17809,632,23,4217.0,2023,1,25,Wednesday,0,0.03548767477118311,0.0012914818350272335,57,879,5
S76iS03nGis,diy data analyst curriculum using udemy under 75,2023-01-24 12:30:13,41517,1477,121,769.0,2023,1,24,Tuesday,0,0.03557578823132693,0.0029144687718284075,48,881,5
RBEgsEVO3T8,reviewing maven analytics free portfolio website,2023-01-17 12:30:08,28719,836,49,1356.0,2023,1,17,Tuesday,0,0.029109648664647096,0.0017061875413489328,48,888,5
gCG07l6Fu-U,5 study hacks for beginner data analysts! live webinar,2023-01-16 17:25:08,46628,1356,36,4650.0,2023,1,16,Monday,0,0.029081238740670843,0.0007720682851505533,54,888,5
DXwFsxCtukg,diy data analyst curriculum using coursera in 2023,2023-01-10 12:30:03,65461,3024,222,752.0,2023,1,10,Tuesday,0,0.046195444615878156,0.0033913322436259757,50,895,5
ey1VNjU0YbM,building a bmi calculator with python python projects for beginners,2023-01-03 12:30:12,102004,2067,91,863.0,2023,1,3,Tuesday,0,0.020263911219167877,0.0008921218775734285,67,902,5
0MKcCHrTo0c,"reading, writing, and appending files in python python for beginners",2022-12-27 13:00:00,12087,324,13,564.0,2022,12,27,Tuesday,0,0.02680565897244974,0.0010755356995118723,68,909,5
bVJfQAe-UP4,why i quit my 125k analytics job,2022-12-20 12:00:33,158196,8710,858,463.0,2022,12,20,Tuesday,0,0.055058282131027335,0.005423651672608663,32,916,5
_2OknmkngkQ,data analyst qa livestream special guest! december livestream,2022-12-17 14:16:05,5110,166,15,4968.0,2022,12,17,Saturday,1,0.0324853228962818,0.0029354207436399216,61,919,5
B63bN2cLVLM,converting data types in python python for beginners,2022-12-13 12:00:06,60433,1577,40,396.0,2022,12,13,Tuesday,0,0.02609501431337183,0.0006618900269720186,52,923,5
zvzjaqMBEso,functions in python python for beginners,2022-12-06 12:00:36,98008,2133,43,764.0,2022,12,6,Tuesday,0,0.02176352950779528,0.00043873969471879844,40,930,5
ECduJk00mUU,while loops in python python for beginners,2022-11-29 12:00:07,95023,2278,36,340.0,2022,11,29,Tuesday,0,0.023973143344242973,0.00037885564547530595,42,937,5
zmIdC0_0BgY,for loops in python python for beginners,2022-11-22 12:00:48,87249,1921,34,557.0,2022,11,22,Tuesday,0,0.022017444326009467,0.00038968928010636223,40,944,5
eP8-mo5jRrY,data analyst qa livestream november livestream,2022-11-16 02:06:22,6311,199,18,3737.0,2022,11,16,Wednesday,0,0.03153224528600856,0.0028521628901917286,46,950,5
-BOBedcjySI,if else statements in python python for beginners,2022-11-15 12:00:00,73324,1769,32,400.0,2022,11,15,Tuesday,0,0.024125797828814577,0.00043641918062298836,49,951,5
lPVke-p4S7s,"comparison, logical, and membership operators in python python for beginners",2022-11-08 12:00:35,73604,1815,22,435.0,2022,11,8,Tuesday,0,0.024658985924678006,0.00029889679908700614,76,958,5
ppsCxnNm-JI,data types in python python for beginners,2022-11-01 11:00:37,172072,3789,86,1318.0,2022,11,1,Tuesday,0,0.0220198521549119,0.0004997907852526849,41,965,5
rVhHGPDzEck,data analyst qa livestream october livestream,2022-10-31 01:22:29,5745,181,11,4498.0,2022,10,31,Monday,0,0.03150565709312446,0.0019147084421235858,45,966,5
pHOH7UfOhbE,variables in python python for beginners,2022-10-25 11:00:27,160561,3331,80,797.0,2022,10,25,Tuesday,0,0.020746009304874784,0.0004982530004172869,40,972,5
sXHIIW3Wt84,300k livestream! giveaways for people in chat bring your wine,2022-10-19 10:56:23,5278,243,21,5064.0,2022,10,19,Wednesday,0,0.046040166729821905,0.003978779840848806,61,978,5
WUeBzT43JyY,installing jupyter notebooksanaconda python for beginners,2022-10-18 11:00:30,522744,7459,203,603.0,2022,10,18,Tuesday,0,0.014268934698437477,0.0003883353993541772,57,979,5
DVs9u15htXU,interviewing tina huang fellow youtuber and data enthusiast,2022-10-13 11:00:07,9674,333,21,1326.0,2022,10,13,Thursday,0,0.034422162497415754,0.002170767004341534,59,984,5
zW3qJUeJLWc,interviewing luke barousse arch-nemesis and fellow youtuber,2022-10-11 11:00:42,7653,335,31,1466.0,2022,10,11,Tuesday,0,0.04377368352280152,0.004050699072259245,59,986,5
m1AkWK_ODLM,when best friends work together ft. luke barousse,2022-10-04 10:30:09,16246,693,84,335.0,2022,10,4,Tuesday,0,0.042656653945586605,0.0051705035085559525,49,993,5
Pfq-8pGzgg4,data analyst live stream riding out hurricane ian,2022-10-01 01:48:31,6794,212,8,5588.0,2022,10,1,Saturday,1,0.031204003532528703,0.0011775095672652341,49,996,5
pixlHHe_lNQ,full power bi guided project microsoft power bi for beginners,2022-09-27 10:30:19,554011,10193,538,2557.0,2022,9,27,Tuesday,0,0.018398551653306523,0.0009710998518079965,61,1000,5
3NV5Jtbhfcw,popular visualizations in power bi microsoft power bi for beginners,2022-09-20 10:30:00,169868,3524,76,854.0,2022,9,20,Tuesday,0,0.020745520050863022,0.0004474062213012457,67,1007,5
1cfrQLoJMPI,"guided portfolio projects on coursera python, sql, excel, power bi, and tableau",2022-09-13 10:30:00,60355,2176,96,501.0,2022,9,13,Tuesday,0,0.03605335100654461,0.0015905890149946153,79,1014,5
9j_EBt3RNrs,how to use bins and lists in power bi microsoft power bi for beginners,2022-09-06 10:30:02,142037,2965,58,571.0,2022,9,6,Tuesday,0,0.02087484247062385,0.00040834430465301293,70,1021,5
m0h3Ghl6mgY,how to use conditional formatting in power bi microsoft power bi for beginners,2022-08-30 10:30:10,234573,3494,67,594.0,2022,8,30,Tuesday,0,0.014895149910688783,0.00028562537035379176,78,1028,5
50D__p6jdEI,top 8 mistakes beginner data analysts make careerfoundry webinar,2022-08-24 16:15:29,77579,2069,78,4249.0,2022,8,24,Wednesday,0,0.026669588419546527,0.0010054267263047989,64,1033,5
tRCGGlMI19M,interviewing ken jee the face of data science on youtube,2022-08-23 10:30:19,7413,257,15,1735.0,2022,8,23,Tuesday,0,0.03466882503709699,0.0020234722784297854,56,1035,5
0QZBnhofU_U,careerfoundry data analytics bootcamp review bootcamp intro free course review,2022-08-16 10:30:00,28822,676,130,1361.0,2022,8,16,Tuesday,0,0.023454305738671848,0.004510443411283048,78,1042,5
ulFY20KTzFQ,how to use drill down in power bi microsoft power bi for beginners,2022-08-09 10:30:11,277456,4575,94,362.0,2022,8,9,Tuesday,0,0.01648910097456894,0.0003387924571824001,66,1049,5
PEc29sRZoTM,"best courses for alternative analyst jobs marketing analyst, business analyst, financial analyst",2022-08-02 10:30:05,20885,876,75,566.0,2022,8,2,Tuesday,0,0.04194397893224802,0.0035910940866650705,96,1056,5
DlEkWd-8VXA,250k subscriber live stream!!,2022-07-26 13:19:48,4168,156,11,4539.0,2022,7,26,Tuesday,0,0.03742802303262956,0.00263915547024952,29,1063,5
vcijg0gUXSg,how to use dax in power bi microsoft power bi for beginners,2022-07-26 10:30:12,299784,5535,232,944.0,2022,7,26,Tuesday,0,0.018463293571371386,0.0007738905345181864,59,1063,5
gCg47n_TlFc,tech layoffs and hiring freezes the great resignation alex the analyst show episode 23,2022-07-19 10:30:06,22051,613,123,2954.0,2022,7,19,Tuesday,0,0.027799192780372774,0.00557797832297855,86,1070,5
sW5LoDA1ssM,how to create and manage relationships in power bi microsoft power bi for beginners,2022-07-12 10:30:22,380337,6200,158,516.0,2022,7,12,Tuesday,0,0.016301332765415934,0.00041542106079608346,83,1077,5
4nsdARJGzJ0,machine learning specialization on coursera review,2022-07-05 10:30:01,26380,815,63,895.0,2022,7,5,Tuesday,0,0.03089461713419257,0.0023881728582259287,50,1084,5
_QvQxm4dptI,meta marketing analytics professional certificate on coursera review,2022-06-28 10:30:07,39553,1008,105,1146.0,2022,6,28,Tuesday,0,0.02548479255682249,0.0026546658913356763,68,1091,5
HX2TabgkzHo,googles secret hiring platform found in the google data analytics certification,2022-06-21 10:30:09,45762,1640,132,612.0,2022,6,21,Tuesday,0,0.035837594510729424,0.002884489314278222,79,1098,5
gP-AxNi6uxo,how to use power query in power bi microsoft power bi for beginners,2022-06-14 10:30:08,502268,7521,124,787.0,2022,6,14,Tuesday,0,0.01497407758407862,0.0002468801516321964,67,1105,5
KB2CtEDrglY,automating crypto website api pull using python data analyst project,2022-06-07 10:30:10,84294,1376,124,3074.0,2022,6,7,Tuesday,0,0.016323819014401972,0.0014710418297862245,68,1112,5
2HfSFdPEFRg,how to use a public api using a public api with python,2022-05-31 10:30:01,62319,1859,91,841.0,2022,5,31,Tuesday,0,0.029830388805982124,0.0014602288226704537,54,1119,5
g0m5sEHPU-s,how to install power bi building first visualization microsoft power bi for beginners,2022-05-24 10:30:06,755699,12197,315,770.0,2022,5,24,Tuesday,0,0.01614002400426625,0.00041683262780551516,85,1126,5
Q7i6zxHVj2Q,mysql vs postgresql vs microsoft sql server management tools which option is best?,2022-05-17 10:30:06,163211,3316,286,965.0,2022,5,17,Tuesday,0,0.02031725802795155,0.001752332869720791,82,1133,5
ddn-2r1j_OU,top 3 tips to stop procrastinating to be successful,2022-05-10 10:30:05,33551,1673,155,400.0,2022,5,10,Tuesday,0,0.049864385562278325,0.004619832493815385,51,1140,5
Pf-9pjJK1e0,sql vs nosql whats the difference?,2022-05-03 10:30:03,65935,1930,67,355.0,2022,5,3,Tuesday,0,0.0292712519905968,0.0010161522711761583,34,1147,5
-bSkREem8dM,database vs data warehouse vs data lake what is the difference?,2022-04-26 10:30:00,932447,23945,339,322.0,2022,4,26,Tuesday,0,0.025679743728061755,0.00036355953743215434,63,1154,5
xKdtP3IZbnU,how i manage my time working 60 hours per week alex the analyst show episode 22,2022-04-20 10:30:09,11992,325,160,2610.0,2022,4,20,Wednesday,0,0.02710140093395597,0.0133422281521014,79,1160,5
GsAXOr715AU,200k livestream! shaving puppies giveaway,2022-04-14 13:29:42,3184,133,11,4892.0,2022,4,14,Thursday,0,0.0417713567839196,0.003454773869346734,41,1166,5
2JnlQ8jwWbE,things i hate about being a data analyst,2022-04-12 10:30:00,36617,1515,200,634.0,2022,4,12,Tuesday,0,0.041374225086708356,0.005461943905836087,40,1168,5
hNTNZ00cZig,best website to practice technical interview questions,2022-04-05 10:30:07,20288,687,56,1305.0,2022,4,5,Tuesday,0,0.03386238170347003,0.0027602523659305996,54,1175,5
gz2j5NBESSs,pros and cons of working remote alex the analyst show episode 21,2022-03-29 10:30:17,7173,276,159,2930.0,2022,3,29,Tuesday,0,0.03847762442492681,0.022166457549142617,64,1182,5
opJgMj1IUrc,full project in excel excel tutorials for beginners,2022-03-22 10:30:15,1024264,21184,1187,2450.0,2022,3,22,Tuesday,0,0.0206821678785938,0.0011588809135144845,51,1189,5
yRWkSKRYCaI,top 5 non-technical skills for data analysts,2022-03-15 10:30:18,22246,820,72,990.0,2022,3,15,Tuesday,0,0.03686055920165423,0.003236536905511103,44,1196,5
_jmiEGZ6PIY,cleaning data in excel excel tutorials for beginners,2022-03-01 11:30:14,687966,13838,344,1264.0,2022,3,1,Tuesday,0,0.020114366116930196,0.0005000247105234852,52,1210,5
4A8LV6fObYA,tableau data analyst certification review,2022-02-22 11:30:01,71372,1670,129,769.0,2022,2,22,Tuesday,0,0.02339853163705655,0.0018074314857367034,41,1217,5
MPENhkuSo0Q,job title alternatives for data analysts,2022-02-15 11:30:07,26548,1022,94,732.0,2022,2,15,Tuesday,0,0.03849630857315052,0.0035407563658279343,40,1224,5
3irO29PJQHs,best coursera courses for data analysts in 2022,2022-02-08 11:30:01,124436,5831,219,572.0,2022,2,8,Tuesday,0,0.046859429747018545,0.0017599408531293196,47,1231,5
uHJFJUIYNAo,understanding your data analyst salary offer what to know before accepting,2022-02-01 11:30:10,21167,720,61,450.0,2022,2,1,Tuesday,0,0.03401521235886049,0.002881844380403458,74,1238,5
gMAHXrty6wI,charts in excel excel tutorials for beginners,2022-01-25 11:30:18,181909,4337,90,911.0,2022,1,25,Tuesday,0,0.023841591125232948,0.000494752870940965,45,1245,5
BIUFr9srS78,how i became a data analytics manager alex the analyst show episode 20,2022-01-18 11:30:02,23485,864,361,2944.0,2022,1,18,Tuesday,0,0.03678944006812859,0.01537151373216947,70,1252,5
_eZRkmRfVTM,conditional formatting in excel excel tutorials for beginners,2022-01-11 11:30:08,251955,5138,124,1259.0,2022,1,11,Tuesday,0,0.020392530412176778,0.0004921513762378202,61,1259,5
s3JmRxs53W4,150k subscriber livestream!!,2022-01-10 14:59:31,3497,159,7,5138.0,2022,1,10,Monday,0,0.04546754360880755,0.0020017157563625965,28,1260,5
yDG5KiiOZcQ,how to become a data analyst in 2022,2022-01-04 11:30:11,498373,21914,630,780.0,2022,1,4,Tuesday,0,0.04397108190050424,0.0012641134250852273,36,1266,5
Z7hPEwCzk2s,xlookup in excel excel tutorials for beginners,2021-12-28 11:30:06,303974,6171,248,1127.0,2021,12,28,Tuesday,0,0.0203010783817037,0.0008158592511201616,46,1273,5
XRPyj7cKVsQ,formulas in excel excel tutorials for beginners,2021-12-21 11:30:07,495793,10179,507,2034.0,2021,12,21,Tuesday,0,0.0205307456942716,0.0010226041916687005,47,1280,5
lH7HfwUFnYA,pivot tables in excel excel tutorials for beginners,2021-12-14 11:30:07,985228,19463,459,1055.0,2021,12,14,Tuesday,0,0.019754818174067323,0.00046588200903750196,51,1287,5
zOR0-nygfDE,full beginner project in tableau tableau tutorials for beginners,2021-12-07 11:30:11,344911,6599,502,2658.0,2021,12,7,Tuesday,0,0.019132471855058262,0.0014554479271464233,64,1294,5
A4SVUF-fTwc,how to use joins in tableau tableau tutorials for beginners,2021-11-23 11:30:02,173339,4428,72,869.0,2021,11,23,Tuesday,0,0.02554531871073446,0.00041537103594690175,59,1308,5
FnTunxd8tAM,top 5 major red flags in job descriptions,2021-11-18 11:30:08,18448,957,71,421.0,2021,11,18,Thursday,0,0.0518755420641804,0.0038486556808326106,41,1313,5
-_z_aphWSEo,truth about my job song - as a data analyst,2021-11-08 11:30:01,11188,895,105,198.0,2021,11,8,Monday,0,0.0799964247407937,0.009385055416517697,43,1323,5
pL0jEjeM5hI,how to grow your analytics career alteryx webinar oct 2021 tips to break into analytics,2021-10-26 10:00:23,11442,343,34,1220.0,2021,10,26,Tuesday,0,0.029977276699877643,0.002971508477538892,87,1336,5
eg_5EAUXs5o,choosing a domain to make more money,2021-10-19 10:00:16,20722,992,77,521.0,2021,10,19,Tuesday,0,0.04787182704372165,0.003715857542708233,36,1343,5
ebjDwX8sUMk,how to create visualizations in tableau tableau tutorials for beginners,2021-10-05 11:30:14,215058,4665,214,845.0,2021,10,5,Tuesday,0,0.02169182267109338,0.0009950803969161807,71,1357,5
f6qxxtWkaUg,how to use calculated fields and bins in tableau tableau tutorials for beginners,2021-09-28 11:30:07,277768,5722,101,385.0,2021,9,28,Tuesday,0,0.02059992511736413,0.0003636127991705308,80,1364,5
6xv1KvCMF1Q,how to install tableau and create first visualization tableau tutorials for beginners,2021-09-21 11:30:01,889288,19581,446,1024.0,2021,9,21,Tuesday,0,0.02201873858637472,0.0005015248153579043,85,1371,5
465x3JmMJYU,how not to become a data analyst funny?,2021-09-07 11:30:01,17499,711,114,291.0,2021,9,7,Tuesday,0,0.040630893193896796,0.006514657980456026,39,1385,5
Ns1ZpTxQnUE,100k subscriber play button unboxing,2021-08-31 11:30:04,2685,238,96,396.0,2021,8,31,Tuesday,0,0.08864059590316574,0.035754189944134075,36,1392,5
HiOtQMcI5wg,amazon web scraping using python data analyst portfolio project,2021-08-24 11:30:01,311107,6813,704,2834.0,2021,8,24,Tuesday,0,0.021899217953951534,0.0022628870452930986,63,1399,5
CUa30M_FPhk,interviewing with pwc for a senior data analyst position,2021-08-17 11:30:01,99763,2633,157,1389.0,2021,8,17,Tuesday,0,0.026392550344316028,0.0015737297394825738,56,1406,5
DKrSgSy6F1o,100k livestream announcing giveaway winners trimming mustache answering questions,2021-08-13 14:38:59,4749,191,26,3728.0,2021,8,13,Friday,0,0.040218993472309957,0.005474836807749,81,1410,5
_zxPx1PQCqI,i am no longer a data analyst turning down pwc new job,2021-08-11 11:30:05,143348,4395,481,959.0,2021,8,11,Wednesday,0,0.030659653430811732,0.003355470603008064,54,1412,5
UGF49YZZRNc,when to start applying to your first data analyst job,2021-07-21 11:30:04,92334,4811,244,251.0,2021,7,21,Wednesday,0,0.05210431693633981,0.00264258019797691,53,1433,5
aLp-6C-p-T0,why you need to stop taking courses from an ex-course addict,2021-07-13 11:30:00,130954,5623,362,211.0,2021,7,13,Tuesday,0,0.042938741848282606,0.0027643294591994136,60,1441,5
ocdwh0KYeUs,how to create a portfolio website for free,2021-06-29 11:30:13,749141,16410,833,2129.0,2021,6,29,Tuesday,0,0.02190508862817547,0.001111940208852539,42,1455,5
iPYVYBtUTyE,data analyst portfolio project correlation in python project 44,2021-06-22 11:30:05,201294,3451,527,3645.0,2021,6,22,Tuesday,0,0.01714407781652707,0.0026180611443957593,63,1462,5
dMHWOhgzUhU,how to get a data analyst job with no experience,2021-06-08 11:30:12,492243,21014,610,457.0,2021,6,8,Tuesday,0,0.042690297271875885,0.0012392253419550912,48,1476,5
A-LkxegXFX8,my wife answers subscribers questions about me alex the analyst show episode 19,2021-06-03 11:30:01,6435,244,108,1585.0,2021,6,3,Thursday,0,0.03791763791763792,0.016783216783216783,79,1481,5
RJw-GSXXguA,favorite tableau and power bi courses on udemy,2021-06-01 11:30:03,34186,882,86,623.0,2021,6,1,Tuesday,0,0.025800035102088573,0.0025156496811560287,46,1483,5
8rO7ztF4NtU,data analyst portfolio project data cleaning in sql project 34,2021-05-25 11:30:01,455357,8428,887,3284.0,2021,5,25,Tuesday,0,0.01850855482621328,0.0019479221797402916,62,1490,5
QILNlRvJlfQ,data analyst portfolio project tableau visualization project 24,2021-05-18 11:30:04,412490,6387,470,3137.0,2021,5,18,Tuesday,0,0.015484011733617785,0.00113942156173483,63,1497,5
SVv0WwPzaUg,asking my family what i do for a living,2021-05-11 11:00:08,3777,195,55,757.0,2021,5,11,Tuesday,0,0.051628276409849086,0.014561821551495897,39,1504,5
qfyynHBFOsM,data analyst portfolio project sql data exploration project 14,2021-05-04 11:00:31,2178266,37103,4380,4629.0,2021,5,4,Tuesday,0,0.01703327325496519,0.002010773707159732,62,1511,5
m1KcNV-Zhmc,advanced sql tutorial subqueries,2021-04-20 11:00:32,433738,9196,245,517.0,2021,4,20,Tuesday,0,0.02120173929883939,0.0005648571257302796,32,1525,5
IZRe0nwkuXc,data analyst qa 6 why am i not a data scientist?,2021-04-15 11:00:06,22433,819,147,1145.0,2021,4,15,Thursday,0,0.03650871483974502,0.006552846253287567,48,1530,5
9RRQtNnq3s0,google vs ibm data analytics certificates which is better?,2021-04-13 11:00:04,371337,12470,630,358.0,2021,4,13,Tuesday,0,0.03358135601892621,0.0016965721164333206,58,1532,5
qewHAdfzLOw,data analyst reacts how to go from data analyst to data scientist,2021-04-06 11:00:12,28356,964,85,748.0,2021,4,6,Tuesday,0,0.033996332345887996,0.002997601918465228,65,1539,5
bHssBHfHWmU,laptops for data analysts specifications recommendations,2021-03-30 11:00:18,202586,4270,329,930.0,2021,3,30,Tuesday,0,0.021077468334435745,0.0016240016585548852,56,1546,5
A4OVjWeVb10,best machine learning courses on coursera,2021-03-23 11:00:02,63260,1862,83,399.0,2021,3,23,Tuesday,0,0.029434081568131522,0.0013120455263989884,41,1553,5
SIseim20_Dc,will data analysts be automated? alex the analyst episode 18,2021-03-18 11:00:08,16489,482,117,1687.0,2021,3,18,Thursday,0,0.02923160895142216,0.007095639517253927,60,1558,5
NrBJmtD0kEw,advanced sql tutorial stored procedures use cases,2021-03-16 11:00:07,494092,8396,203,375.0,2021,3,16,Tuesday,0,0.016992786768456076,0.00041085465864656784,49,1560,5
wnapnTAMj68,google data analytics professional certificate its finally here!,2021-03-12 12:00:17,371045,11206,1169,874.0,2021,3,12,Friday,0,0.030201188535083346,0.0031505612526782465,64,1564,5
duMcYRtQITA,google data analytics certificate coming out soon!,2021-03-04 12:15:01,51810,2358,315,464.0,2021,3,4,Thursday,0,0.045512449334105386,0.006079907353792704,50,1572,5
QG1fo7LFesA,reviewing your data analyst resumes part 2,2021-03-02 12:00:08,25011,586,77,2436.0,2021,3,2,Tuesday,0,0.023429690935988165,0.0030786453960257487,42,1574,5
pYRG5X7110M,best course to learn statistics for data analysis,2021-02-25 12:00:13,127082,3080,93,372.0,2021,2,25,Thursday,0,0.024236319856470626,0.0007318109567051195,49,1579,5
NViKsiGP4TY,dataquest review is it worth it?,2021-02-23 12:00:19,25644,431,46,1040.0,2021,2,23,Tuesday,0,0.01680705038215567,0.001793791920137264,32,1581,5
1gdKC5O0Pwc,r vs python which is better for data analysis?,2021-02-16 12:00:00,239085,5241,412,711.0,2021,2,16,Tuesday,0,0.02192107409498714,0.0017232365058452014,46,1588,5
GQj6_6V_jVA,advanced sql tutorial string functions use cases,2021-02-04 12:00:04,189743,4627,156,829.0,2021,2,4,Thursday,0,0.024385616333672387,0.0008221647175389869,48,1600,5
RF0LE3hYFrI,advanced sql tutorial temp tables,2021-02-02 12:00:13,273758,5888,147,619.0,2021,2,2,Tuesday,0,0.021508047253413598,0.0005369706090780909,33,1602,5
8o-O6pR6yAE,ibm data analyst certificate study session,2021-01-30 15:33:41,5314,173,22,4910.0,2021,1,30,Saturday,1,0.0325555137372977,0.0041400075272864136,42,1605,5
eFDbE5Yunj0,ibm data analyst professional certificate by coursera is it worth it?,2021-01-26 12:00:22,134730,3299,308,446.0,2021,1,26,Tuesday,0,0.02448600905514733,0.002286053588658799,69,1609,5
D9bNctNnAig,datacamp review is it worth it?,2021-01-21 12:00:03,207745,4222,272,975.0,2021,1,21,Thursday,0,0.020322992129774484,0.0013092974560157886,31,1614,5
VsztBAEtC7c,best python course for data analysts,2021-01-19 12:00:09,56307,1386,119,518.0,2021,1,19,Tuesday,0,0.024615056742500932,0.002113413962739979,36,1616,5
T3KMZoXrVTQ,top 5 data analyst skills,2021-01-12 12:00:07,34937,1406,172,351.0,2021,1,12,Tuesday,0,0.04024386753298795,0.004923147379568938,25,1623,5
tJaDicmRW7s,best industries for data analysts in 2021 alex the analyst show episode 17,2021-01-07 12:00:28,15507,499,146,1665.0,2021,1,7,Thursday,0,0.03217901592829045,0.00941510285677436,74,1628,5
hfRcaRw_atI,top 5 data analyst interview mistakes,2021-01-05 12:00:10,105756,2600,73,328.0,2021,1,5,Tuesday,0,0.024584893528499564,0.0006902681644540262,37,1630,5
aPDOGxrONy0,2020 year end review upcoming giveaway details,2020-12-31 12:00:01,1584,140,101,217.0,2020,12,31,Thursday,0,0.08838383838383838,0.06376262626262626,46,1635,5
w25ZjL0OqT4,data analyst resume everything you need to know alex the analyst show episode 16,2020-12-24 12:00:19,42252,1208,137,3086.0,2020,12,24,Thursday,0,0.028590362586386444,0.003242450061535549,80,1642,5
EWPeAXrF3zg,solving medium level sql leetcode questions part 23,2020-12-22 12:00:04,12100,251,33,1286.0,2020,12,22,Tuesday,0,0.020743801652892562,0.0027272727272727275,51,1644,5
ru0Xdvxd37Q,entry vs mid vs senior level data analyst alex the analyst show episode 15,2020-12-17 12:00:12,47425,1554,211,1600.0,2020,12,17,Thursday,0,0.032767527675276756,0.00444913020558777,74,1649,5
BAVPAYWAoC4,data engineer vs data analyst which is right for you?,2020-12-15 12:00:08,87078,2828,147,399.0,2020,12,15,Tuesday,0,0.032476630147683684,0.0016881416660924687,53,1651,5
whgwEwA5SHU,how to find out your coworkers salary alex the analyst show episode 14,2020-12-10 12:00:30,3122,97,54,1571.0,2020,12,10,Thursday,0,0.031069827033952595,0.01729660474055093,70,1656,5
K1WeoKxLZ5o,advanced sql tutorial cte common table expression,2020-12-08 12:00:05,399481,6251,196,224.0,2020,12,8,Tuesday,0,0.01564780302442419,0.0004906366009897842,49,1658,5
0HRgbb1PcDQ,"data analyst salary expectations, bonuses, 401k, espp alex the analyst show episode 13",2020-12-03 12:00:00,23285,739,188,1628.0,2020,12,3,Thursday,0,0.031737169851835945,0.008073867296542839,86,1663,5
D6XNlTfglW4,intermediate sql tutorial partition by,2020-12-01 12:04:43,308471,6898,205,254.0,2020,12,1,Tuesday,0,0.02236190760233539,0.0006645681441691439,38,1665,5
MQ5UUNjWgug,data analyst qa live 5 ama,2020-11-28 17:07:30,4905,131,18,5371.0,2020,11,28,Saturday,1,0.02670744138634047,0.003669724770642202,26,1667,5
JikLVP9DkPs,completely realistic jobs on linkedin alex the analyst show episode 12,2020-11-25 11:00:05,24876,884,162,1603.0,2020,11,25,Wednesday,0,0.035536259848850296,0.006512301013024602,70,1671,5
yzqpYs7dIqY,completely unrealistic jobs on linkedin alex the analyst show episode 11,2020-11-19 15:00:26,14667,571,207,1329.0,2020,11,19,Thursday,0,0.03893093338787755,0.01411331560646349,72,1677,5
7uH7_DThtX0,top 3 tips on using linkedin to land a job,2020-11-17 14:11:52,346814,12201,252,410.0,2020,11,17,Tuesday,0,0.03518024070539252,0.0007266142658600864,42,1679,5
GGLF2jLo8J4,what is no code analytics? alex the analyst show episode 10,2020-11-12 12:34:08,3928,122,81,1355.0,2020,11,12,Thursday,0,0.031059063136456212,0.020621181262729125,59,1684,5
BGBXnNvWdQ4,solving leetcode sql interview questions part 13,2020-11-10 15:02:50,27553,701,66,1633.0,2020,11,10,Tuesday,0,0.025441875657823104,0.002395383442819294,48,1686,5
PurMLMKNX0I,what is analytics consulting? with john ariansen alex the analyst show episode 9,2020-11-05 15:43:17,13947,396,118,3236.0,2020,11,5,Thursday,0,0.028393202839320283,0.008460600846060085,80,1691,5
pvxNYyJuiqA,data analyst skills path what skills you need to know,2020-11-03 15:13:12,77963,3607,270,286.0,2020,11,3,Tuesday,0,0.04626553621589728,0.0034631812526454858,53,1693,5
rZpfNh28nFI,data analyst qa live 4,2020-10-30 15:13:53,3563,104,25,4151.0,2020,10,30,Friday,0,0.029188885770418185,0.0070165590794274485,22,1697,5
brxnKIy6Cek,asking my wife your questions about me alex the analyst show episode 8,2020-10-27 16:06:53,14505,564,223,1775.0,2020,10,27,Tuesday,0,0.03888314374353671,0.01537400896242675,70,1699,5
ySq0cgkZiX4,top 10 udemy courses for data analysts,2020-10-22 15:14:21,195475,5193,304,657.0,2020,10,22,Thursday,0,0.026566057040542268,0.0015551860851771326,38,1705,5
aJ9Q10v8Nrc,data analyst certifications are they worth it? alex the analyst show episode 7,2020-10-20 14:08:32,180169,6203,985,1997.0,2020,10,20,Tuesday,0,0.0344287863061903,0.0054670892328869,78,1707,5
C2ik_qR5GOU,working at a startup vs fortune 500 company alex the analyst show episode 6,2020-10-15 15:33:32,4855,180,74,1762.0,2020,10,15,Thursday,0,0.037075180226570546,0.015242018537590113,75,1712,5
mLUzFXPPa4I,top 10 coursera courses for data analysts,2020-10-13 14:40:18,115223,4904,288,633.0,2020,10,13,Tuesday,0,0.042560947033144426,0.0024995009676887425,41,1714,5
XmFhpoS6Etk,imposter syndrome in tech alex the analyst show episode 5,2020-10-08 14:26:27,7614,373,176,1556.0,2020,10,8,Thursday,0,0.04898870501707381,0.02311531389545574,57,1719,5
1xT68oeQTd0,data analyst expectations vs reality,2020-10-06 14:52:33,75974,2796,187,236.0,2020,10,6,Tuesday,0,0.03680206386395346,0.002461368362860979,36,1721,5
eTsHJoMmhYQ,covid and the data analyst job market alex the analyst show episode 4,2020-10-01 13:53:17,7378,254,161,1566.0,2020,10,1,Thursday,0,0.0344266738953646,0.021821631878557873,69,1726,5
8SolrjsGqzE,self taught vs boot camp vs degree alex the analyst show episode 3,2020-09-24 15:29:17,45864,1523,717,1680.0,2020,9,24,Thursday,0,0.033206872492586775,0.01563317634746206,66,1733,5
SKsjWzzz4mY,top 5 reasons youll be a good data analyst,2020-09-22 13:03:29,14881,618,82,224.0,2020,9,22,Tuesday,0,0.041529467105705264,0.005510382366776426,42,1735,5
Z2AachB309o,how i changed careers to become a data analyst alex the analyst show episode 2,2020-09-10 13:16:00,418299,12167,3822,2454.0,2020,9,10,Thursday,0,0.029086849358951374,0.009137004869722376,78,1747,5
_gP-DH0iZLw,top 5 reasons data analytics is a good career choice,2020-09-08 14:15:55,44768,1315,73,173.0,2020,9,8,Tuesday,0,0.029373659756969265,0.0016306290207290922,52,1749,5
-Inc1be4zSg,the hiring process from an interviewers perspective alex the analyst show episode 1,2020-09-03 15:38:28,22328,708,85,1624.0,2020,9,3,Thursday,0,0.031709064851307776,0.0038068792547474024,83,1754,5
CsMh7Ykmnw4,top 5 reasons not to lie on your resume,2020-09-01 12:29:45,12534,211,119,237.0,2020,9,1,Tuesday,0,0.016834210946226266,0.009494175841710547,39,1756,5
ho2vzKPAD50,live data analyst qa 3,2020-08-29 14:37:52,3106,100,43,3738.0,2020,8,29,Saturday,1,0.03219575016097875,0.013844172569220863,22,1759,5
5MZo2RoS8Yo,data analyst career path how to become a data analyst what to do next,2020-08-20 13:46:16,131652,4651,270,522.0,2020,8,20,Thursday,0,0.035327985902227084,0.002050861361771944,69,1768,5
M2ySRYpo9S0,top 5 reasons not to become a data analyst,2020-08-12 14:52:19,927313,19755,1047,318.0,2020,8,12,Wednesday,0,0.02130348652504602,0.0011290686100593867,42,1776,5
ncXgqGePvwI,data analyst bootcamps are they worth it?,2020-08-05 13:14:01,35261,581,93,346.0,2020,8,5,Wednesday,0,0.0164771277048297,0.0026374748305493323,41,1783,5
ywZXpfdqg1o,what does a data analyst actually do?,2020-07-29 13:48:00,1048819,20176,515,258.0,2020,7,29,Wednesday,0,0.019236874999404092,0.0004910284806053284,37,1790,5
IqQCBytyATo,data analyst question and answer answering your youtube questions,2020-07-22 14:35:55,4953,179,67,349.0,2020,7,22,Wednesday,0,0.036139713305067635,0.013527155259438725,65,1797,5
MpIi4HtCiVk,scraping data off twitter using python twitterscraper nlp data visualization,2020-07-15 14:00:20,55449,1391,158,402.0,2020,7,15,Wednesday,0,0.02508611516889394,0.002849465274396292,76,1804,5
G4syHs3M82E,data analyst vs business analyst which is right for you?,2020-07-03 14:17:52,792552,19886,591,280.0,2020,7,3,Friday,0,0.025091098123530064,0.0007456923962087031,56,1816,5
appOFpF2pFg,best free online courses for data analysts,2020-06-23 13:55:50,58092,2758,95,299.0,2020,6,23,Tuesday,0,0.04747641671830889,0.0016353370515733664,42,1826,5
B2SPC3Wz1R8,best online courses for data analysts,2020-06-17 14:57:22,188435,9580,426,525.0,2020,6,17,Wednesday,0,0.0508398121368111,0.0022607265104678006,37,1832,5
fUpChfNN5Uo,data scientist vs data analyst which is right for you?,2020-06-10 15:49:15,796578,24396,861,467.0,2020,6,10,Wednesday,0,0.030626002726663302,0.0010808734361230162,54,1838,5
Dk7he_yEs4U,intermediate sql tutorial aliasing,2020-06-04 14:00:10,155892,4102,105,372.0,2020,6,4,Thursday,0,0.026313088548482282,0.0006735432222307752,34,1845,5
LJtFgnHGAos,data analyst qa live,2020-05-31 13:54:38,12067,271,54,3105.0,2020,5,31,Sunday,1,0.02245794315074169,0.004475014502361813,20,1849,5
ziurEoqEcO4,data analyst interviews salary negotiation,2020-05-27 15:13:50,27737,858,27,337.0,2020,5,27,Wednesday,0,0.030933410246241484,0.0009734289937628439,42,1853,5
rLKC--8UYSw,data analyst interview questions what to say vs what not to say,2020-05-20 14:03:02,78892,1880,36,469.0,2020,5,20,Wednesday,0,0.023830046139025503,0.0004563200324494245,63,1860,5
sua7xKN0cPc,sql interview questions and answers for beginners data analyst interview questions,2020-05-13 15:00:26,135292,3449,112,482.0,2020,5,13,Wednesday,0,0.02549300771664252,0.0008278390444372173,82,1867,5
fweZQqB0nwQ,data analyst interview questions phone in-person interview questions,2020-05-06 15:20:18,86430,1697,62,464.0,2020,5,6,Wednesday,0,0.01963438620849242,0.0007173435149832234,68,1874,5
oXAwKZWfbW0,day in the life of a data analyst fortune 500 edition during quarantine,2020-04-23 13:08:33,15461,520,52,415.0,2020,4,23,Thursday,0,0.03363301209494858,0.003363301209494858,71,1887,5
bhnrIforc7s,intermediate sql tutorial updatingdeleting data,2020-04-16 12:58:52,159376,3531,144,277.0,2020,4,16,Thursday,0,0.022155155104909147,0.0009035237425961249,47,1894,5
tYBOMw7Ob8E,intermediate sql tutorial having clause,2020-04-09 16:01:02,193645,4931,92,211.0,2020,4,9,Thursday,0,0.025464122492189316,0.0004750961811562395,39,1900,5
Twusw__OzA8,intermediate sql tutorial case statement use cases,2020-04-02 15:16:37,316408,7573,440,446.0,2020,4,2,Thursday,0,0.02393428737579328,0.0013906095926778084,50,1908,5
lYKkro6rKm0,intermediate sql tutorial unions union operator,2020-03-26 16:51:37,275399,5255,115,325.0,2020,3,26,Thursday,0,0.01908140552434831,0.00041757595343483455,47,1914,5
9URM1_2S0ho,intermediate sql tutorial innerouter joins use cases,2020-03-19 15:40:58,568248,9428,478,953.0,2020,3,19,Thursday,0,0.016591347439850208,0.0008411820191184131,52,1922,5
qzZU6LAtIig,day in the life of a data analyst fortune 500 edition,2020-03-11 13:44:54,126603,2584,261,260.0,2020,3,11,Wednesday,0,0.02041025884062779,0.0020615625222151135,53,1930,5
LXwfzIRD-Ds,sql basics tutorial for beginners group by order by statements 44,2020-03-03 15:06:36,341472,8340,236,489.0,2020,3,3,Tuesday,0,0.02442367163339893,0.0006911254802736388,65,1938,5
A9TOuDZTPDU,sql basics tutorial for beginners where statement 34,2020-03-02 16:01:01,359819,6213,156,478.0,2020,3,2,Monday,0,0.01726701480466568,0.0004335513132991865,52,1938,5
PyYgERKq25I,sql basics tutorial for beginners select from statements 24,2020-03-01 17:02:28,525121,7514,306,374.0,2020,3,1,Sunday,1,0.014309083049430512,0.0005827228391170797,59,1939,5
RSlqWnP-Dy8,sql basics tutorial for beginners installing sql server management studio and create tables 14,2020-03-01 00:50:38,1473237,18701,2061,577.0,2020,3,1,Sunday,1,0.012693816405642813,0.0013989602487583465,94,1940,5
9o9loJpG-t4,data analyst fact check 84k average starting salary?? the career force 2020 data analyst salary,2020-02-26 15:11:22,26065,852,162,454.0,2020,2,26,Wednesday,0,0.03268751198925762,0.006215231152887013,95,1944,5
Lacbh0VoT3g,data analyst resume reviewing your data analyst resumes!,2020-02-24 16:34:51,27143,553,41,1070.0,2020,2,24,Monday,0,0.020373576981173782,0.0015105183656928122,56,1945,5
oZKs2xMbXQE,data analyst salary in 2020,2020-02-19 15:43:59,8297,159,26,224.0,2020,2,19,Wednesday,0,0.01916355309147885,0.0031336627696757864,27,1951,5
N8f7NtDpbxA,working with a recruiter to land your first job as a data analyst linkedin recruiters,2020-02-14 18:03:34,15139,645,39,360.0,2020,2,14,Friday,0,0.0426051918884999,0.0025761278816302264,85,1955,5
wcKzdRVsMOw,switching careers to become a data analyst how i made the switch,2020-02-11 15:03:18,50731,1814,252,251.0,2020,2,11,Tuesday,0,0.035757229307524,0.004967376949005539,64,1959,5
Ns-8Jsa3mEM,data analyst resume complete guide to creating a data analyst resume tips templates examples,2020-02-06 16:00:52,126359,3605,104,678.0,2020,2,6,Thursday,0,0.028529823756123427,0.0008230517810365704,92,1963,5
4rfr6A3lO-Y,data analyst resume reviewing my resume! fortune 500 data analyst,2020-01-30 14:07:55,81463,1764,63,453.0,2020,1,30,Thursday,0,0.021654002430551295,0.0007733572296625462,65,1971,5
OTq2NRy_AGs,working at a big company vs small company told by a fortune 500 data analyst,2020-01-25 16:38:39,16002,428,23,350.0,2020,1,25,Saturday,1,0.02674665666791651,0.0014373203349581302,76,1975,5
ya28cb3zFGE,data analyst salary 100k with no experience,2020-01-23 03:16:09,66287,2240,228,303.0,2020,1,23,Thursday,0,0.033792447991310516,0.0034395884562583917,43,1978,5
Hsi2BG0SOiQ,truth about big companies told by a fortune 500 data analyst,2020-01-21 03:52:15,9761,348,20,345.0,2020,1,21,Tuesday,0,0.035652084827374246,0.00204897039237783,60,1980,5
6lQzbk6_OTw,top 3 data analyst skills in 2020,2020-01-17 14:31:39,31093,1469,141,160.0,2020,1,17,Friday,0,0.0472453606921172,0.004534782748528607,33,1984,5
